field_id_hex,template_id_hex,field_type_id,priority,advinfo_hex
5dac301398e87aa5,060a40f941b24a68,2,0,08000000d0b5c515d5c901be0800000013da6925665181c1
d0b5c515d5c901be,060a40f941b24a68,1,1,08000000d0b5c515d5c901be0800000013da6925665181c1
6b246d4a94477a09,060a40f941b24a68,2,2,08000000d0b5c515d5c901be0800000013da6925665181c1
76bd802901080408,060a40f941b24a68,1,3,08000000d0b5c515d5c901be0800000013da6925665181c1
41a57f181dddf856,060a40f941b24a68,3,4,08000000d0b5c515d5c901be0800000013da6925665181c1
160b3d24c54be2c5,060a40f941b24a68,1,5,08000000d0b5c515d5c901be0800000013da6925665181c1
fd7d39a7d4291309,060a40f941b24a68,1,6,08000000d0b5c515d5c901be0800000013da6925665181c1
ee1865e741c0215a,060a40f941b24a68,8,7,08000000d0b5c515d5c901be0800000013da6925665181c1
1496739e39493c28,060a40f941b24a68,6,8,0800000075d288780658d8e00800000013da6925665181c1
75d288780658d8e0,060a40f941b24a68,1,9,08000000d0b5c515d5c901be0800000013da6925665181c1
13da6925665181c1,060a40f941b24a68,4,10,08000000d0b5c515d5c901be0800000013da6925665181c1
bd3d7fdb8092111e,07952199792b2a2e,3,0,080000005853a8e579f862b708000000bd3d7fdb8092111e
5853a8e579f862b7,07952199792b2a2e,1,1,080000005853a8e579f862b708000000bd3d7fdb8092111e
2ce8b4203a9c7b2a,07952199792b2a2e,8,2,080000005853a8e579f862b708000000bd3d7fdb8092111e
b1e698f9f8c4c2f4,07952199792b2a2e,8,3,080000005853a8e579f862b708000000bd3d7fdb8092111e
816cf2a0c968f512,07952199792b2a2e,8,4,080000005853a8e579f862b708000000bd3d7fdb8092111e
81437fffa62f519e,07952199792b2a2e,8,5,080000005853a8e579f862b708000000bd3d7fdb8092111e
4eb561e850f72935,07952199792b2a2e,8,6,080000005853a8e579f862b708000000bd3d7fdb8092111e
a2acc183c4c4109d,07952199792b2a2e,1,7,080000005853a8e579f862b708000000bd3d7fdb8092111e
98178b0295521502,07952199792b2a2e,1,8,080000005853a8e579f862b708000000bd3d7fdb8092111e
4cfa383b9b7b9e7c,07952199792b2a2e,1,9,080000005853a8e579f862b708000000bd3d7fdb8092111e
dba98087749b076e,07952199792b2a2e,7,10,080000005853a8e579f862b708000000bd3d7fdb8092111e
63db9e3e04942911,07952199792b2a2e,6,11,080000005853a8e579f862b708000000bd3d7fdb8092111e
a25f5ad595613c44,07952199792b2a2e,1,12,080000005853a8e579f862b708000000bd3d7fdb8092111e
2b7c3bb030d1e1d9,07952199792b2a2e,1,13,080000005853a8e579f862b708000000bd3d7fdb8092111e
41b002319c2f47c9,07952199792b2a2e,1,14,080000005853a8e579f862b708000000bd3d7fdb8092111e
8fd58e25f2ea891d,0cb4cafbfa706fe3,1,0,080000008fd58e25f2ea891d08000000874c62f03ceddf0a
2d0ed8c2c741edb2,0cb4cafbfa706fe3,1,1,080000008fd58e25f2ea891d08000000874c62f03ceddf0a
874c62f03ceddf0a,0cb4cafbfa706fe3,4,2,080000008fd58e25f2ea891d08000000874c62f03ceddf0a
a3582940a096a3b1,0cb4cafbfa706fe3,6,3,080000002d0ed8c2c741edb208000000874c62f03ceddf0a
cedfebc4a5f71e57,0cb4cafbfa706fe3,7,4,080000008fd58e25f2ea891d08000000874c62f03ceddf0a
d5af16737f84a5df,0cb4cafbfa706fe3,8,5,080000008fd58e25f2ea891d08000000874c62f03ceddf0a
4157564fde097923,0cb4cafbfa706fe3,1,6,080000008fd58e25f2ea891d08000000874c62f03ceddf0a
aaca0afdd589dc67,0cb4cafbfa706fe3,1,7,080000008fd58e25f2ea891d08000000874c62f03ceddf0a
6cf16bd0ed9ee9bc,154419b69c7c5768,1,0,080000006cf16bd0ed9ee9bc0800000034c84f7dc738b6f5
854d8939dcdcff9b,154419b69c7c5768,3,1,080000006cf16bd0ed9ee9bc0800000034c84f7dc738b6f5
825512c3c64b5edc,154419b69c7c5768,2,2,080000006cf16bd0ed9ee9bc0800000034c84f7dc738b6f5
d0e5459111510657,154419b69c7c5768,1,3,080000006cf16bd0ed9ee9bc0800000034c84f7dc738b6f5
a03503da56488d0a,154419b69c7c5768,8,4,080000006cf16bd0ed9ee9bc0800000034c84f7dc738b6f5
34c84f7dc738b6f5,154419b69c7c5768,4,5,080000006cf16bd0ed9ee9bc0800000034c84f7dc738b6f5
49a0641faa304064,154419b69c7c5768,1,6,080000006cf16bd0ed9ee9bc0800000034c84f7dc738b6f5
7214bbcc408effc2,154419b69c7c5768,1,7,080000006cf16bd0ed9ee9bc0800000034c84f7dc738b6f5
854215a83c481f78,184c4cde7ef0243b,1,0,08000000854215a83c481f7808000000854215a83c481f78
457b622de16d3336,184c4cde7ef0243b,1,1,08000000854215a83c481f7808000000854215a83c481f78
5c0c05d196459f52,184c4cde7ef0243b,1,2,08000000854215a83c481f7808000000854215a83c481f78
4c38c540e41714ec,184c4cde7ef0243b,1,3,08000000854215a83c481f7808000000854215a83c481f78
caea7a5e4d7c0ae7,1f92da9df7c52ac4,1,0,08000000caea7a5e4d7c0ae7080000009e03ae6a4f476334
44ba9ee38c573daf,1f92da9df7c52ac4,1,1,08000000caea7a5e4d7c0ae7080000009e03ae6a4f476334
a7ffa50bcf3c1546,1f92da9df7c52ac4,1,2,08000000caea7a5e4d7c0ae7080000009e03ae6a4f476334
4bd3d60943927544,1f92da9df7c52ac4,1,3,08000000caea7a5e4d7c0ae7080000009e03ae6a4f476334
b6517632ab6c6518,1f92da9df7c52ac4,1,4,08000000caea7a5e4d7c0ae7080000009e03ae6a4f476334
012e869db6c23ffe,1f92da9df7c52ac4,8,5,08000000caea7a5e4d7c0ae7080000009e03ae6a4f476334
f3a67d79c399ee30,1f92da9df7c52ac4,7,6,08000000caea7a5e4d7c0ae7080000009e03ae6a4f476334
07346c0570afc273,1f92da9df7c52ac4,6,7,08000000650167eebb387b37080000009e03ae6a4f476334
650167eebb387b37,1f92da9df7c52ac4,1,8,08000000caea7a5e4d7c0ae7080000009e03ae6a4f476334
9e03ae6a4f476334,1f92da9df7c52ac4,4,9,08000000caea7a5e4d7c0ae7080000009e03ae6a4f476334
53c10550090d35cc,1f92da9df7c52ac4,1,10,08000000caea7a5e4d7c0ae7080000009e03ae6a4f476334
92a5f50139f0f99c,266f0c86c731eca7,2,0,0800000097d76685dcd91f7008000000581201a0b75e63f1
97d76685dcd91f70,266f0c86c731eca7,1,1,0800000097d76685dcd91f7008000000581201a0b75e63f1
ba6a571512f076c3,266f0c86c731eca7,1,2,0800000097d76685dcd91f7008000000581201a0b75e63f1
581201a0b75e63f1,266f0c86c731eca7,4,3,
942d8bb7776b29a1,266f0c86c731eca7,4,4,
2de86e66208a7d35,266f0c86c731eca7,3,5,0800000097d76685dcd91f7008000000581201a0b75e63f1
278a12ee3635ef3d,266f0c86c731eca7,1,6,0800000097d76685dcd91f7008000000581201a0b75e63f1
76d28ef874eae0be,266f0c86c731eca7,1,7,0800000097d76685dcd91f7008000000581201a0b75e63f1
de20a71d5236e45c,266f0c86c731eca7,1,8,0800000097d76685dcd91f7008000000581201a0b75e63f1
9566b7936b65b963,266f0c86c731eca7,8,9,0800000097d76685dcd91f7008000000581201a0b75e63f1
e6cd997a1256f373,266f0c86c731eca7,8,10,0800000097d76685dcd91f7008000000581201a0b75e63f1
38f6b68f9eea5f71,266f0c86c731eca7,8,11,0800000097d76685dcd91f7008000000581201a0b75e63f1
e4a0d055b579cad8,266f0c86c731eca7,6,12,08000000e971aceb2105c7e908000000cdf5628287383e5b
e971aceb2105c7e9,266f0c86c731eca7,1,13,0800000097d76685dcd91f7008000000581201a0b75e63f1
cdf5628287383e5b,266f0c86c731eca7,4,14,0800000097d76685dcd91f7008000000581201a0b75e63f1
128843f341338753,266f0c86c731eca7,7,15,0800000097d76685dcd91f7008000000581201a0b75e63f1
0167c12b97e9364d,266f0c86c731eca7,8,16,0800000097d76685dcd91f7008000000581201a0b75e63f1
4ad858199149d4e3,266f0c86c731eca7,1,17,0800000097d76685dcd91f7008000000581201a0b75e63f1
fe02cb907c72b1a7,2edd349165e7e8ba,1,0,08000000fe02cb907c72b1a708000000e242b5fd3af7387e
ae81ffcc6304424a,2edd349165e7e8ba,3,1,08000000fe02cb907c72b1a708000000e242b5fd3af7387e
d27da790c57be5dd,2edd349165e7e8ba,1,2,08000000fe02cb907c72b1a708000000e242b5fd3af7387e
142e4d7f3b9fd416,2edd349165e7e8ba,1,3,
35955f072862b3d1,2edd349165e7e8ba,1,4,
75c9390f1d9637bb,2edd349165e7e8ba,1,5,
38e641ea981f4ace,2edd349165e7e8ba,1,6,08000000fe02cb907c72b1a708000000e242b5fd3af7387e
63c1091ab5c9e1cf,2edd349165e7e8ba,1,7,08000000fe02cb907c72b1a708000000e242b5fd3af7387e
68d798a46b57315c,2edd349165e7e8ba,1,8,08000000fe02cb907c72b1a708000000e242b5fd3af7387e
b0b5cd6a02f8f77a,2edd349165e7e8ba,1,9,08000000fe02cb907c72b1a708000000e242b5fd3af7387e
e242b5fd3af7387e,2edd349165e7e8ba,4,10,08000000fe02cb907c72b1a708000000e242b5fd3af7387e
8bbc4a9be105bab5,2f6d2d349673b65f,1,0,080000008bbc4a9be105bab5080000001ca758e278e9ba5f
42a52951a7cd77b4,2f6d2d349673b65f,1,1,080000008bbc4a9be105bab5080000001ca758e278e9ba5f
474b08ba904c93cd,2f6d2d349673b65f,1,2,080000008bbc4a9be105bab5080000001ca758e278e9ba5f
3e7d739a7de44750,2f6d2d349673b65f,8,3,080000008bbc4a9be105bab5080000001ca758e278e9ba5f
1ca758e278e9ba5f,2f6d2d349673b65f,4,4,080000008bbc4a9be105bab5080000001ca758e278e9ba5f
b0b2605aca947469,2f6d2d349673b65f,4,5,080000008bbc4a9be105bab5080000001ca758e278e9ba5f
573a934042a5a4a9,2f6d2d349673b65f,4,6,080000008bbc4a9be105bab5080000001ca758e278e9ba5f
fd4aaf8c59eb890e,2f6d2d349673b65f,8,7,080000008bbc4a9be105bab5080000001ca758e278e9ba5f
98cf255679c62ac2,2f6d2d349673b65f,1,8,080000008bbc4a9be105bab5080000001ca758e278e9ba5f
d88308c22a8e72ff,2f6d2d349673b65f,1,9,
80535a08e4a3ee25,2f6d2d349673b65f,1,10,080000008bbc4a9be105bab5080000001ca758e278e9ba5f
4f19f0494e6090e5,2f6d2d349673b65f,7,11,080000008bbc4a9be105bab5080000001ca758e278e9ba5f
d49b3738cbd7d521,2f6d2d349673b65f,6,12,080000008d6dfa573c4884a3080000009dd588171a888e70
8d6dfa573c4884a3,2f6d2d349673b65f,1,13,080000008bbc4a9be105bab5080000001ca758e278e9ba5f
9dd588171a888e70,2f6d2d349673b65f,4,14,080000008bbc4a9be105bab5080000001ca758e278e9ba5f
2e4d18f56aea6832,3971079772ae9ff7,2,0,0800000074c125ee8fa469cd0800000027052697ffc3dd7a
74c125ee8fa469cd,3971079772ae9ff7,1,1,0800000074c125ee8fa469cd0800000027052697ffc3dd7a
a26687ddcdd1ae95,3971079772ae9ff7,1,2,0800000074c125ee8fa469cd0800000027052697ffc3dd7a
27052697ffc3dd7a,3971079772ae9ff7,4,3,
e5e9f5f69ed24803,3971079772ae9ff7,4,4,
1129a4b23c731f32,3971079772ae9ff7,3,5,0800000074c125ee8fa469cd0800000027052697ffc3dd7a
01fb9409118163cc,3971079772ae9ff7,1,6,0800000074c125ee8fa469cd0800000027052697ffc3dd7a
d2c64d6fdecc9924,3971079772ae9ff7,1,7,0800000074c125ee8fa469cd0800000027052697ffc3dd7a
ce3983662db3251d,3971079772ae9ff7,1,8,0800000074c125ee8fa469cd0800000027052697ffc3dd7a
977afbb7b21cfcec,3971079772ae9ff7,8,9,0800000074c125ee8fa469cd0800000027052697ffc3dd7a
05085bb9aa8819dc,3971079772ae9ff7,8,10,0800000074c125ee8fa469cd0800000027052697ffc3dd7a
d8a496bd276a45e6,3971079772ae9ff7,8,11,0800000074c125ee8fa469cd0800000027052697ffc3dd7a
90c1c79b38c937ed,3971079772ae9ff7,6,12,0800000074c125ee8fa469cd0800000027052697ffc3dd7a
97acff8b621c057e,3971079772ae9ff7,1,13,0800000074c125ee8fa469cd0800000027052697ffc3dd7a
bc0980924006d4f9,3971079772ae9ff7,4,14,0800000074c125ee8fa469cd0800000027052697ffc3dd7a
790ca6f90e951549,3971079772ae9ff7,7,15,0800000074c125ee8fa469cd0800000027052697ffc3dd7a
fcc94adc26e40441,3971079772ae9ff7,8,16,0800000074c125ee8fa469cd0800000027052697ffc3dd7a
40279e9b8682f220,3971079772ae9ff7,1,17,0800000074c125ee8fa469cd0800000027052697ffc3dd7a
9c20287ee7a1f95e,40975b68adebc5fc,1,0,080000009c20287ee7a1f95e080000009c20287ee7a1f95e
1d754be2dc338f9d,40975b68adebc5fc,3,1,080000009c20287ee7a1f95e080000009c20287ee7a1f95e
71eed2ea24734bd2,40975b68adebc5fc,1,2,080000009c20287ee7a1f95e080000009c20287ee7a1f95e
757e6ec836f32ed5,40975b68adebc5fc,1,3,080000009c20287ee7a1f95e080000009c20287ee7a1f95e
6b7c10c698984e1c,40975b68adebc5fc,2,4,080000009c20287ee7a1f95e080000009c20287ee7a1f95e
de93e8229be3d7b2,484bbc5429dc536c,2,0,0800000034fe37c433485031080000009b7138196e379976
05f19f3827d0360d,484bbc5429dc536c,2,1,0800000034fe37c433485031080000009b7138196e379976
9b7138196e379976,484bbc5429dc536c,4,2,
1113f2d0bbef2cd3,484bbc5429dc536c,4,3,
34fe37c433485031,484bbc5429dc536c,1,4,0800000034fe37c433485031080000009b7138196e379976
746a316e49efb45d,484bbc5429dc536c,1,5,0800000034fe37c433485031080000009b7138196e379976
0c9d62b33647a664,484bbc5429dc536c,1,6,0800000034fe37c433485031080000009b7138196e379976
5cf7842ed79a2c56,484bbc5429dc536c,8,7,0800000034fe37c433485031080000009b7138196e379976
e5ec7bb48c7454d6,484bbc5429dc536c,8,8,0800000034fe37c433485031080000009b7138196e379976
94fdea720a3a82e6,484bbc5429dc536c,1,9,0800000034fe37c433485031080000009b7138196e379976
52e993aa98ac8b65,484bbc5429dc536c,6,10,08000000f7920cd747ce916e080000009e9995b644d1568b
f7920cd747ce916e,484bbc5429dc536c,1,11,0800000034fe37c433485031080000009b7138196e379976
9e9995b644d1568b,484bbc5429dc536c,4,12,0800000034fe37c433485031080000009b7138196e379976
80da07b288ec4ad3,484bbc5429dc536c,1,13,0800000034fe37c433485031080000009b7138196e379976
86679ecf442897d4,484bbc5429dc536c,1,14,0800000034fe37c433485031080000009b7138196e379976
7fa18e5bc62282a6,484bbc5429dc536c,1,15,0800000034fe37c433485031080000009b7138196e379976
a5200caff7c5e3e2,484bbc5429dc536c,1,16,0800000034fe37c433485031080000009b7138196e379976
3d82de2bc871e672,484bbc5429dc536c,1,17,0800000034fe37c433485031080000009b7138196e379976
b624945aa0cff9f9,484bbc5429dc536c,1,18,0800000034fe37c433485031080000009b7138196e379976
d1efc58c896cbaec,4a722176a5a17d9b,1,0,08000000d1efc58c896cbaec08000000d1efc58c896cbaec
5d93a9e0af6bfd28,4a722176a5a17d9b,3,1,08000000d1efc58c896cbaec08000000d1efc58c896cbaec
6964947abdd20986,4a722176a5a17d9b,1,2,08000000d1efc58c896cbaec08000000d1efc58c896cbaec
4d8292cad445b743,4a722176a5a17d9b,1,3,08000000d1efc58c896cbaec08000000d1efc58c896cbaec
8b41bcdaabde0c1f,4a722176a5a17d9b,2,4,08000000d1efc58c896cbaec08000000d1efc58c896cbaec
09fb1dc49bd16011,507084a3d37d73da,1,0,0800000009fb1dc49bd16011080000007e60dadc5555e395
4d03e9ae5bc65e7d,507084a3d37d73da,2,1,0800000009fb1dc49bd16011080000007e60dadc5555e395
206840ff9a56f8b9,507084a3d37d73da,8,2,0800000009fb1dc49bd16011080000007e60dadc5555e395
a781f74e36c0e216,507084a3d37d73da,1,3,0800000009fb1dc49bd16011080000007e60dadc5555e395
df2ce1ab4fcfeea1,507084a3d37d73da,6,4,08000000fd813e1bd4f0d06e080000007e60dadc5555e395
fd813e1bd4f0d06e,507084a3d37d73da,1,5,0800000009fb1dc49bd16011080000007e60dadc5555e395
7e60dadc5555e395,507084a3d37d73da,4,6,0800000009fb1dc49bd16011080000007e60dadc5555e395
c13955106ed26bf0,507084a3d37d73da,4,7,0800000009fb1dc49bd16011080000007e60dadc5555e395
96d90da05aec1f68,513e91c22cb405f6,2,0,08000000604109dbbee2fc8f08000000e18a166e1f14c066
2b0a24045428b7b3,513e91c22cb405f6,8,1,08000000604109dbbee2fc8f08000000e18a166e1f14c066
604109dbbee2fc8f,513e91c22cb405f6,1,2,08000000604109dbbee2fc8f08000000e18a166e1f14c066
e18a166e1f14c066,513e91c22cb405f6,4,3,08000000604109dbbee2fc8f08000000e18a166e1f14c066
a3534d981fe277bc,513e91c22cb405f6,1,4,08000000604109dbbee2fc8f08000000e18a166e1f14c066
4fded49577488fe7,513e91c22cb405f6,1,5,08000000604109dbbee2fc8f08000000e18a166e1f14c066
70f7447331019a1b,513e91c22cb405f6,8,6,08000000604109dbbee2fc8f08000000e18a166e1f14c066
1180ad2ca16ba4ab,513e91c22cb405f6,6,7,08000000f7b7993113d6974c08000000f2a9e6662effb53f
f7b7993113d6974c,513e91c22cb405f6,1,8,08000000604109dbbee2fc8f08000000e18a166e1f14c066
f2a9e6662effb53f,513e91c22cb405f6,4,9,08000000604109dbbee2fc8f08000000e18a166e1f14c066
4f39bc1a8e6e6a61,513e91c22cb405f6,7,10,08000000604109dbbee2fc8f08000000e18a166e1f14c066
6f9a673566fda0a5,548959c99c2d99a8,6,0,08000000b021916a23e8766208000000cdaf91eaf1342572
b021916a23e87662,548959c99c2d99a8,1,1,08000000b021916a23e8766208000000cdaf91eaf1342572
cdaf91eaf1342572,548959c99c2d99a8,4,2,08000000b021916a23e8766208000000cdaf91eaf1342572
64bcc8533e232cfe,548959c99c2d99a8,7,3,08000000b021916a23e8766208000000cdaf91eaf1342572
42a9451c07de213a,5a0ee4fe14bd14e6,2,0,08000000c328c940d225d78e08000000b0720c3343e3b254
8487614c250b491f,5a0ee4fe14bd14e6,3,1,08000000c328c940d225d78e08000000b0720c3343e3b254
c328c940d225d78e,5a0ee4fe14bd14e6,1,2,08000000c328c940d225d78e08000000b0720c3343e3b254
473c78ae52b81b43,5a0ee4fe14bd14e6,8,3,08000000c328c940d225d78e08000000b0720c3343e3b254
d6fffd4cfb3ee584,5a0ee4fe14bd14e6,6,4,080000003b5211724b49d6f408000000b0720c3343e3b254
3b5211724b49d6f4,5a0ee4fe14bd14e6,1,5,08000000c328c940d225d78e08000000b0720c3343e3b254
b0720c3343e3b254,5a0ee4fe14bd14e6,4,6,08000000c328c940d225d78e08000000b0720c3343e3b254
4fbc8888a3d827b8,5e09a92ec97929ec,3,0,0800000077dee6f276c1fc8c080000004fbc8888a3d827b8
f08b6283aba6604b,5e09a92ec97929ec,2,1,0800000077dee6f276c1fc8c080000004fbc8888a3d827b8
77dee6f276c1fc8c,5e09a92ec97929ec,1,2,0800000077dee6f276c1fc8c080000004fbc8888a3d827b8
c0afdb160beb0a86,5e09a92ec97929ec,1,3,0800000077dee6f276c1fc8c080000004fbc8888a3d827b8
24581d475e6e9c96,5e09a92ec97929ec,3,4,0800000077dee6f276c1fc8c080000004fbc8888a3d827b8
d49c167a880591d4,5e09a92ec97929ec,1,5,0800000077dee6f276c1fc8c080000004fbc8888a3d827b8
d1040513463f1774,5e09a92ec97929ec,1,6,0800000077dee6f276c1fc8c080000004fbc8888a3d827b8
3dcdc43845e01c11,5e09a92ec97929ec,1,7,0800000077dee6f276c1fc8c080000004fbc8888a3d827b8
2aec2fe97ae6daa5,5e09a92ec97929ec,1,8,0800000077dee6f276c1fc8c080000004fbc8888a3d827b8
1f96962a1a99574c,5e09a92ec97929ec,1,9,0800000077dee6f276c1fc8c080000004fbc8888a3d827b8
f6d23580bb2420c6,5e09a92ec97929ec,8,10,0800000077dee6f276c1fc8c080000004fbc8888a3d827b8
6d28e8eb9dda66a1,5e09a92ec97929ec,8,11,0800000077dee6f276c1fc8c080000004fbc8888a3d827b8
8141d2da604476a8,601bab93b2b23723,1,0,080000008141d2da604476a808000000f03c543eea4f16ce
867f4ada01b4cfd2,601bab93b2b23723,1,1,080000008141d2da604476a808000000f03c543eea4f16ce
174fde238d8e6087,601bab93b2b23723,1,2,080000008141d2da604476a808000000f03c543eea4f16ce
10eab8fc60381638,601bab93b2b23723,1,3,080000008141d2da604476a808000000f03c543eea4f16ce
33f2beb519f43f58,601bab93b2b23723,1,4,080000008141d2da604476a808000000f03c543eea4f16ce
37477823a8fc8eab,601bab93b2b23723,1,5,080000008141d2da604476a808000000f03c543eea4f16ce
7014393729c154b9,601bab93b2b23723,1,6,080000008141d2da604476a808000000f03c543eea4f16ce
aea4170c57bd0631,601bab93b2b23723,1,7,080000008141d2da604476a808000000f03c543eea4f16ce
f068294323d5d6cc,601bab93b2b23723,8,8,080000008141d2da604476a808000000f03c543eea4f16ce
9e66eb0f8f76bd60,601bab93b2b23723,1,9,080000008141d2da604476a808000000f03c543eea4f16ce
155a77b04107eb13,601bab93b2b23723,1,10,080000008141d2da604476a808000000f03c543eea4f16ce
a7e5db1efbca1db9,601bab93b2b23723,1,11,080000008141d2da604476a808000000f03c543eea4f16ce
c2fae84c6ce63f54,601bab93b2b23723,1,12,080000008141d2da604476a808000000f03c543eea4f16ce
dca5209823319dbf,601bab93b2b23723,1,13,080000008141d2da604476a808000000f03c543eea4f16ce
752fdbbacd0dffe4,601bab93b2b23723,1,14,080000008141d2da604476a808000000f03c543eea4f16ce
2cff88afd6169266,601bab93b2b23723,1,15,080000008141d2da604476a808000000f03c543eea4f16ce
b0e1407261614e4a,601bab93b2b23723,1,16,080000008141d2da604476a808000000f03c543eea4f16ce
24650a0130fa16b9,601bab93b2b23723,1,17,080000008141d2da604476a808000000f03c543eea4f16ce
2bf7e217e50b2ffe,601bab93b2b23723,1,18,080000008141d2da604476a808000000f03c543eea4f16ce
3428c8ba337176c4,601bab93b2b23723,6,19,080000009fdd149802cf167c08000000f03c543eea4f16ce
9fdd149802cf167c,601bab93b2b23723,1,20,080000008141d2da604476a808000000f03c543eea4f16ce
f03c543eea4f16ce,601bab93b2b23723,4,21,080000008141d2da604476a808000000f03c543eea4f16ce
1034a4a68c38538a,6462a44596a5ebc7,4,0,
5399b560f0201e1d,6462a44596a5ebc7,8,1,08000000e9f0a75f232fd943080000001034a4a68c38538a
10d3de5f8aa19cad,6462a44596a5ebc7,6,2,08000000e9f0a75f232fd943080000005c34ee7a11450ca8
e9f0a75f232fd943,6462a44596a5ebc7,1,3,08000000e9f0a75f232fd943080000001034a4a68c38538a
5c34ee7a11450ca8,6462a44596a5ebc7,4,4,08000000e9f0a75f232fd943080000001034a4a68c38538a
3588d166a0aa1906,64c0034f62f02209,1,0,080000003588d166a0aa19060800000065786edc2d85bc0d
65786edc2d85bc0d,64c0034f62f02209,4,1,080000003588d166a0aa1906080000003588d166a0aa1906
5554090639c6f48b,64c0034f62f02209,4,2,080000003588d166a0aa19060800000065786edc2d85bc0d
e58b56b709859b99,64c0034f62f02209,4,3,080000003588d166a0aa19060800000065786edc2d85bc0d
8047fc4edc96e601,64c0034f62f02209,4,4,080000003588d166a0aa19060800000065786edc2d85bc0d
61ff96c850d44b81,64c0034f62f02209,8,5,080000003588d166a0aa1906080000003588d166a0aa1906
de2f0e1095b2895b,64c0034f62f02209,8,6,080000003588d166a0aa19060800000065786edc2d85bc0d
f6cd2f5db66bd4ae,64c0034f62f02209,8,7,080000003588d166a0aa19060800000065786edc2d85bc0d
36e2fb6ebc78b522,657fbb75e8a2ae80,3,0,08000000b895fa79a05f96e30800000036e2fb6ebc78b522
4f0ab8a4c9a51d33,657fbb75e8a2ae80,2,1,08000000b895fa79a05f96e30800000036e2fb6ebc78b522
b895fa79a05f96e3,657fbb75e8a2ae80,1,2,08000000b895fa79a05f96e30800000036e2fb6ebc78b522
fde466289f87e035,657fbb75e8a2ae80,1,3,08000000b895fa79a05f96e30800000036e2fb6ebc78b522
6bfcbb6f278a7695,657fbb75e8a2ae80,1,4,08000000b895fa79a05f96e30800000036e2fb6ebc78b522
52e5ffff87d494fb,657fbb75e8a2ae80,1,5,08000000b895fa79a05f96e30800000036e2fb6ebc78b522
9c2549a4896f0bad,657fbb75e8a2ae80,1,6,08000000b895fa79a05f96e30800000036e2fb6ebc78b522
0a074b4cb11f3680,657fbb75e8a2ae80,1,7,08000000b895fa79a05f96e30800000036e2fb6ebc78b522
8e67d8983133ffc1,657fbb75e8a2ae80,1,8,08000000b895fa79a05f96e30800000036e2fb6ebc78b522
4c02b975cada189d,657fbb75e8a2ae80,1,9,08000000b895fa79a05f96e30800000036e2fb6ebc78b522
252c58f1febdf182,657fbb75e8a2ae80,1,10,08000000b895fa79a05f96e30800000036e2fb6ebc78b522
97f44b392168d92c,657fbb75e8a2ae80,8,11,08000000b895fa79a05f96e30800000036e2fb6ebc78b522
1398f662085bd34d,678a17c914af4ad4,1,0,080000001398f662085bd34d08000000e9f78bcdc00ce6e8
074dc530e365c329,678a17c914af4ad4,1,1,080000001398f662085bd34d08000000e9f78bcdc00ce6e8
1cffa293b3566f42,678a17c914af4ad4,1,2,080000001398f662085bd34d08000000e9f78bcdc00ce6e8
3e77e8594eb75b9d,678a17c914af4ad4,1,3,
be195ff11b9a31a0,678a17c914af4ad4,1,4,
1ac933a754e6f372,678a17c914af4ad4,1,5,
6db6d48901251512,678a17c914af4ad4,1,6,080000001398f662085bd34d08000000e9f78bcdc00ce6e8
fefe1a5fb91a3cf0,678a17c914af4ad4,1,7,
4f74b40ed7c375cd,678a17c914af4ad4,1,8,
f227ffa2c993606c,678a17c914af4ad4,1,9,080000001398f662085bd34d08000000e9f78bcdc00ce6e8
212a7c1adb0aab65,678a17c914af4ad4,1,10,080000001398f662085bd34d08000000e9f78bcdc00ce6e8
3ed5116d77091866,678a17c914af4ad4,1,11,080000001398f662085bd34d08000000e9f78bcdc00ce6e8
e7442b1cdda57208,678a17c914af4ad4,1,12,080000001398f662085bd34d08000000e9f78bcdc00ce6e8
e9f78bcdc00ce6e8,678a17c914af4ad4,4,13,080000001398f662085bd34d08000000e9f78bcdc00ce6e8
32038c575a30df59,69e389fbce440175,2,0,08000000cdec7d12a06093020800000088908d2cba254ea8
cdec7d12a0609302,69e389fbce440175,1,1,08000000582b9f8d3e59e5ae0800000088908d2cba254ea8
b858d1c2ff2851c4,69e389fbce440175,1,2,08000000582b9f8d3e59e5ae0800000088908d2cba254ea8
88908d2cba254ea8,69e389fbce440175,4,3,
01d672e4fe50ff05,69e389fbce440175,4,4,0000000000000000
656bd28fb7c9f258,69e389fbce440175,3,5,08000000cdec7d12a06093020800000088908d2cba254ea8
08046c1001457a69,69e389fbce440175,1,6,08000000cdec7d12a06093020800000088908d2cba254ea8
ca2fc84770e6d0eb,69e389fbce440175,3,7,08000000cdec7d12a06093020800000088908d2cba254ea8
582b9f8d3e59e5ae,69e389fbce440175,1,8,08000000cdec7d12a06093020800000088908d2cba254ea8
1d8a21a238c47b1c,69e389fbce440175,8,9,08000000cdec7d12a06093020800000088908d2cba254ea8
cb63233746b917e2,69e389fbce440175,6,10,0800000097da9e53435c0a0a0800000042270c8673b5cdec
97da9e53435c0a0a,69e389fbce440175,1,11,08000000cdec7d12a06093020800000088908d2cba254ea8
42270c8673b5cdec,69e389fbce440175,4,12,08000000cdec7d12a06093020800000088908d2cba254ea8
0386b60189a2706d,69e389fbce440175,1,13,08000000cdec7d12a06093020800000088908d2cba254ea8
6e435ba2ee3ec2ce,6d44a81f48c9d3c9,1,0,080000006e435ba2ee3ec2ce08000000c7cc3ae6d3b06c8e
f2265d61b081d95f,6d44a81f48c9d3c9,1,1,080000006e435ba2ee3ec2ce08000000c7cc3ae6d3b06c8e
5f18468cca2bbd3e,6d44a81f48c9d3c9,2,2,080000006e435ba2ee3ec2ce08000000c7cc3ae6d3b06c8e
2ba14015b72bffe5,6d44a81f48c9d3c9,1,3,080000006e435ba2ee3ec2ce08000000c7cc3ae6d3b06c8e
917a0a4b18f4b4c0,6d44a81f48c9d3c9,2,4,080000006e435ba2ee3ec2ce08000000c7cc3ae6d3b06c8e
8b6dfbd677068412,6d44a81f48c9d3c9,8,5,080000006e435ba2ee3ec2ce08000000c7cc3ae6d3b06c8e
7441e9c755197f23,6d44a81f48c9d3c9,1,6,080000006e435ba2ee3ec2ce08000000c7cc3ae6d3b06c8e
bc2306864a6ef6ea,6d44a81f48c9d3c9,1,7,080000006e435ba2ee3ec2ce08000000c7cc3ae6d3b06c8e
aac9289958090eee,6d44a81f48c9d3c9,1,8,080000006e435ba2ee3ec2ce08000000c7cc3ae6d3b06c8e
b1300f580b54da7e,6d44a81f48c9d3c9,1,9,080000006e435ba2ee3ec2ce08000000c7cc3ae6d3b06c8e
e40b38efc2a8343e,6d44a81f48c9d3c9,1,10,080000006e435ba2ee3ec2ce08000000c7cc3ae6d3b06c8e
02e30bae9160552e,6d44a81f48c9d3c9,1,11,080000006e435ba2ee3ec2ce08000000c7cc3ae6d3b06c8e
c9e3e50b22e380a8,6d44a81f48c9d3c9,3,12,080000006e435ba2ee3ec2ce08000000c7cc3ae6d3b06c8e
cf52300b8c4641da,6d44a81f48c9d3c9,1,13,080000006e435ba2ee3ec2ce08000000c7cc3ae6d3b06c8e
3731df90e8c91f49,6d44a81f48c9d3c9,6,14,080000002b700b4576b0159e08000000c7cc3ae6d3b06c8e
2b700b4576b0159e,6d44a81f48c9d3c9,1,15,080000006e435ba2ee3ec2ce08000000c7cc3ae6d3b06c8e
c7cc3ae6d3b06c8e,6d44a81f48c9d3c9,4,16,080000006e435ba2ee3ec2ce08000000c7cc3ae6d3b06c8e
aadeeb7eb9c1f6f4,6d44a81f48c9d3c9,7,17,080000006e435ba2ee3ec2ce08000000c7cc3ae6d3b06c8e
da1536e70d8487fa,724a3732be45a0a6,1,0,08000000da1536e70d8487fa08000000a0d286b4975731f4
e027056741b4531f,724a3732be45a0a6,1,1,08000000da1536e70d8487fa08000000a0d286b4975731f4
a0d286b4975731f4,724a3732be45a0a6,4,2,08000000da1536e70d8487fa08000000a0d286b4975731f4
50c83f277f082097,724a3732be45a0a6,1,3,08000000da1536e70d8487fa08000000a0d286b4975731f4
cc4273bc2f37afa7,724a3732be45a0a6,2,4,08000000da1536e70d8487fa08000000a0d286b4975731f4
aa9f172c3fbbe7c3,724a3732be45a0a6,8,5,08000000da1536e70d8487fa08000000a0d286b4975731f4
0a5288638d8fbea5,7741688015a5f103,2,0,0800000048767534374d2e53080000002229d52f849608a2
48767534374d2e53,7741688015a5f103,1,1,0800000048767534374d2e53080000002229d52f849608a2
6bff615620096edd,7741688015a5f103,3,2,0800000048767534374d2e53080000002229d52f849608a2
ea61ff51fb1e631b,7741688015a5f103,1,3,0800000048767534374d2e53080000002229d52f849608a2
5f640942b1afbfa6,7741688015a5f103,1,4,0800000048767534374d2e53080000002229d52f849608a2
da8d627e86fd21d9,7741688015a5f103,1,5,0800000048767534374d2e53080000002229d52f849608a2
b4eee268aebcd4b5,7741688015a5f103,1,6,0800000048767534374d2e53080000002229d52f849608a2
a87267561567a307,7741688015a5f103,1,7,0800000048767534374d2e53080000002229d52f849608a2
cbef0ad0882feb74,7741688015a5f103,1,8,0800000048767534374d2e53080000002229d52f849608a2
9b6865bae2727831,7741688015a5f103,8,9,0800000048767534374d2e53080000002229d52f849608a2
df0669342236fa5f,7741688015a5f103,6,10,08000000791786bac6cf8b27080000002229d52f849608a2
791786bac6cf8b27,7741688015a5f103,1,11,0800000048767534374d2e53080000002229d52f849608a2
2229d52f849608a2,7741688015a5f103,4,12,0800000048767534374d2e53080000002229d52f849608a2
e33da7ad0e1ba9a2,7a4b38d7f1fa8475,2,0,0800000061dfdcda32392bb5080000001c8dc1e5d51ceb11
61dfdcda32392bb5,7a4b38d7f1fa8475,1,1,0800000061dfdcda32392bb5080000001c8dc1e5d51ceb11
20810554fc092faf,7a4b38d7f1fa8475,1,2,0800000061dfdcda32392bb5080000001c8dc1e5d51ceb11
1c8dc1e5d51ceb11,7a4b38d7f1fa8475,4,3,
e7c20540082372da,7a4b38d7f1fa8475,4,4,
b0c1b7b1426b12ed,7a4b38d7f1fa8475,3,5,0800000061dfdcda32392bb5080000001c8dc1e5d51ceb11
4b792ed0c0fcecff,7a4b38d7f1fa8475,1,6,0800000061dfdcda32392bb5080000001c8dc1e5d51ceb11
43f8749d47f16035,7a4b38d7f1fa8475,1,7,0800000061dfdcda32392bb5080000001c8dc1e5d51ceb11
c4cd850c433929df,7a4b38d7f1fa8475,1,8,0800000061dfdcda32392bb5080000001c8dc1e5d51ceb11
8665dd8fb7e67d2d,7a4b38d7f1fa8475,8,9,0800000061dfdcda32392bb5080000001c8dc1e5d51ceb11
deaccd2dfc3d474a,7a4b38d7f1fa8475,8,10,0800000061dfdcda32392bb5080000001c8dc1e5d51ceb11
600ff2daec0dd7dd,7a4b38d7f1fa8475,8,11,0800000061dfdcda32392bb5080000001c8dc1e5d51ceb11
c3c132f3dfcad965,7a4b38d7f1fa8475,6,12,08000000247c18750ffdafcd08000000fc2ed078f3ccf916
247c18750ffdafcd,7a4b38d7f1fa8475,1,13,0800000061dfdcda32392bb5080000001c8dc1e5d51ceb11
fc2ed078f3ccf916,7a4b38d7f1fa8475,4,14,0800000061dfdcda32392bb5080000001c8dc1e5d51ceb11
97a868a665708895,7a4b38d7f1fa8475,7,15,0800000061dfdcda32392bb5080000001c8dc1e5d51ceb11
1aa3b324d4d7a26f,7a4b38d7f1fa8475,8,16,0800000061dfdcda32392bb5080000001c8dc1e5d51ceb11
85198b6532b0216d,7a4b38d7f1fa8475,1,17,0800000061dfdcda32392bb5080000001c8dc1e5d51ceb11
e6b9ba9fc070088b,7b2a809342e46388,2,0,080000001df6ec136b397ee608000000c26229a82d454441
1df6ec136b397ee6,7b2a809342e46388,1,1,080000001df6ec136b397ee608000000c26229a82d454441
d6ed7364b5dd515a,7b2a809342e46388,1,2,080000001df6ec136b397ee608000000c26229a82d454441
c26229a82d454441,7b2a809342e46388,4,3,
f579b942a56de8d5,7b2a809342e46388,4,4,
b0d838921215abcf,7b2a809342e46388,3,5,080000001df6ec136b397ee608000000c26229a82d454441
deccde475b8799b6,7b2a809342e46388,1,6,080000001df6ec136b397ee608000000c26229a82d454441
77995525041f3895,7b2a809342e46388,1,7,080000001df6ec136b397ee608000000c26229a82d454441
2eba10390ef6790d,7b2a809342e46388,1,8,080000001df6ec136b397ee608000000c26229a82d454441
a2278b6fe4b9b1de,7b2a809342e46388,8,9,080000001df6ec136b397ee608000000c26229a82d454441
91d45ccc654aaa21,7b2a809342e46388,8,10,080000001df6ec136b397ee608000000c26229a82d454441
d4d12487ce2eea63,7b2a809342e46388,8,11,080000001df6ec136b397ee608000000c26229a82d454441
2ae6902f51cd0c41,7b2a809342e46388,6,12,080000001df6ec136b397ee608000000c26229a82d454441
b59452b850434892,7b2a809342e46388,1,13,080000001df6ec136b397ee608000000c26229a82d454441
efd0c02554a5b037,7b2a809342e46388,4,14,080000001df6ec136b397ee608000000c26229a82d454441
f016ccd3a8546f70,7b2a809342e46388,7,15,080000001df6ec136b397ee608000000c26229a82d454441
803b33663fd94aa0,7b2a809342e46388,8,16,080000001df6ec136b397ee608000000c26229a82d454441
a5e0872c4edff152,7b2a809342e46388,1,17,080000001df6ec136b397ee608000000c26229a82d454441
29948ee3d3cea67e,7cb5bfc133903237,1,0,0800000029948ee3d3cea67e0800000055f0b2c0eff3684e
9708aa70e986ccdb,7cb5bfc133903237,1,1,0800000029948ee3d3cea67e0800000055f0b2c0eff3684e
cc1b88d39b9f35b3,7cb5bfc133903237,2,2,0800000029948ee3d3cea67e0800000055f0b2c0eff3684e
38f4430b4587da87,7cb5bfc133903237,8,3,0800000029948ee3d3cea67e0800000055f0b2c0eff3684e
7a2357532f932a1d,7cb5bfc133903237,3,4,0800000029948ee3d3cea67e0800000055f0b2c0eff3684e
11c544289b9d9f4c,7cb5bfc133903237,1,5,0800000029948ee3d3cea67e0800000055f0b2c0eff3684e
383425447e416709,7cb5bfc133903237,1,6,0800000029948ee3d3cea67e0800000055f0b2c0eff3684e
01db4072ee122f45,7cb5bfc133903237,1,7,0800000029948ee3d3cea67e0800000055f0b2c0eff3684e
1017f22a9d9fa975,7cb5bfc133903237,1,8,0800000029948ee3d3cea67e0800000055f0b2c0eff3684e
40f3c8aea88b2eec,7cb5bfc133903237,1,9,0800000029948ee3d3cea67e0800000055f0b2c0eff3684e
9359af5e77db7a6f,7cb5bfc133903237,1,10,0800000029948ee3d3cea67e0800000055f0b2c0eff3684e
da3199ce392761e4,7cb5bfc133903237,1,11,0800000029948ee3d3cea67e0800000055f0b2c0eff3684e
62cfcc40afa38ef1,7cb5bfc133903237,1,12,0800000029948ee3d3cea67e0800000055f0b2c0eff3684e
3408c4bcf44cc3d0,7cb5bfc133903237,1,13,0800000029948ee3d3cea67e0800000055f0b2c0eff3684e
38b7b5a33c19b134,7cb5bfc133903237,6,14,08000000a6398017feda7f8c0800000055f0b2c0eff3684e
a6398017feda7f8c,7cb5bfc133903237,1,15,0800000029948ee3d3cea67e0800000055f0b2c0eff3684e
55f0b2c0eff3684e,7cb5bfc133903237,4,16,0800000029948ee3d3cea67e0800000055f0b2c0eff3684e
4304fa886f908922,7cb5bfc133903237,1,17,0800000029948ee3d3cea67e0800000055f0b2c0eff3684e
fd12d8eda854421d,7fe1449df60f1249,2,0,08000000be023ccb4284a0e108000000cc83a3d8a0f8164c
be023ccb4284a0e1,7fe1449df60f1249,1,1,08000000be023ccb4284a0e108000000cc83a3d8a0f8164c
a467cf208da1d209,7fe1449df60f1249,1,2,08000000be023ccb4284a0e108000000cc83a3d8a0f8164c
cc83a3d8a0f8164c,7fe1449df60f1249,4,3,
1d832b56cc5386ee,7fe1449df60f1249,4,4,
62254257b276becd,7fe1449df60f1249,3,5,08000000be023ccb4284a0e108000000cc83a3d8a0f8164c
4fa80ffa300cd0a8,7fe1449df60f1249,1,6,08000000be023ccb4284a0e108000000cc83a3d8a0f8164c
257aecfe71dab0d5,7fe1449df60f1249,1,7,08000000be023ccb4284a0e108000000cc83a3d8a0f8164c
46272340c5a34db2,7fe1449df60f1249,1,8,08000000be023ccb4284a0e108000000cc83a3d8a0f8164c
758ee0a4120c8ce5,7fe1449df60f1249,8,9,08000000be023ccb4284a0e108000000cc83a3d8a0f8164c
2f331d1e9d3b73cd,7fe1449df60f1249,8,10,08000000be023ccb4284a0e108000000cc83a3d8a0f8164c
5fc38adff5549b49,7fe1449df60f1249,8,11,08000000be023ccb4284a0e108000000cc83a3d8a0f8164c
a0aabb4575c07728,7fe1449df60f1249,6,12,080000007e37ccac80b838f708000000c37a364d4ef9f036
7e37ccac80b838f7,7fe1449df60f1249,1,13,08000000be023ccb4284a0e108000000cc83a3d8a0f8164c
c37a364d4ef9f036,7fe1449df60f1249,4,14,08000000be023ccb4284a0e108000000cc83a3d8a0f8164c
b62eaf13af5fdbc2,7fe1449df60f1249,7,15,08000000be023ccb4284a0e108000000cc83a3d8a0f8164c
b446f9e20e8552e2,7fe1449df60f1249,8,16,08000000be023ccb4284a0e108000000cc83a3d8a0f8164c
10df853b79844332,7fe1449df60f1249,1,17,08000000be023ccb4284a0e108000000cc83a3d8a0f8164c
cf8c16ef754dd45b,8365a8378d974d2a,1,0,08000000cf8c16ef754dd45b08000000f38c685222f65dfd
b15aa1100b013d2e,8365a8378d974d2a,1,1,08000000cf8c16ef754dd45b08000000f38c685222f65dfd
2585f3d725076fb3,8365a8378d974d2a,1,2,08000000cf8c16ef754dd45b08000000f38c685222f65dfd
fd8c12ed9e20278b,8365a8378d974d2a,2,3,08000000cf8c16ef754dd45b08000000f38c685222f65dfd
224eb9f8342ac9ea,8365a8378d974d2a,2,4,08000000cf8c16ef754dd45b08000000f38c685222f65dfd
5de069aa71a737a1,8365a8378d974d2a,1,5,08000000cf8c16ef754dd45b08000000f38c685222f65dfd
d24e9e312a0fd7ba,8365a8378d974d2a,1,6,08000000cf8c16ef754dd45b08000000f38c685222f65dfd
3e0b7ae629849632,8365a8378d974d2a,8,7,08000000cf8c16ef754dd45b08000000f38c685222f65dfd
69371cb611d6e3e6,8365a8378d974d2a,2,8,08000000cf8c16ef754dd45b08000000f38c685222f65dfd
2bdd1b26ef7ec8b6,8365a8378d974d2a,1,9,08000000cf8c16ef754dd45b08000000f38c685222f65dfd
0147ac9d303227fe,8365a8378d974d2a,1,10,08000000cf8c16ef754dd45b08000000f38c685222f65dfd
b92c1c5d71807235,8365a8378d974d2a,8,11,08000000cf8c16ef754dd45b08000000f38c685222f65dfd
d75a893b1886a323,8365a8378d974d2a,1,12,08000000cf8c16ef754dd45b08000000f38c685222f65dfd
c5e4ea3bfbcf17b5,8365a8378d974d2a,8,13,08000000cf8c16ef754dd45b08000000f38c685222f65dfd
82033de27eb037fd,8365a8378d974d2a,6,14,08000000a66fd88a7249353208000000f38c685222f65dfd
a66fd88a72493532,8365a8378d974d2a,1,15,08000000cf8c16ef754dd45b08000000f38c685222f65dfd
f38c685222f65dfd,8365a8378d974d2a,4,16,08000000cf8c16ef754dd45b08000000f38c685222f65dfd
87927374d48e5d57,8a31ea3e665ea0b8,1,0,0800000087927374d48e5d5708000000ba322cf40f237ecb
14ee6e57066959e3,8a31ea3e665ea0b8,1,1,0800000087927374d48e5d5708000000ba322cf40f237ecb
8d7b6c6190a6020c,8a31ea3e665ea0b8,1,2,0800000087927374d48e5d5708000000ba322cf40f237ecb
bb4e0d57ba6c468b,8a31ea3e665ea0b8,8,3,0800000087927374d48e5d5708000000ba322cf40f237ecb
ff8ac660f42ed279,8a31ea3e665ea0b8,1,4,0800000087927374d48e5d5708000000ba322cf40f237ecb
0917d25e75eef05a,8a31ea3e665ea0b8,1,5,0800000087927374d48e5d5708000000ba322cf40f237ecb
051afd4e2312f0b5,8a31ea3e665ea0b8,1,6,0800000087927374d48e5d5708000000ba322cf40f237ecb
dd90e3fac70beedb,8a31ea3e665ea0b8,1,7,0800000087927374d48e5d5708000000ba322cf40f237ecb
7e478ab33d28d9da,8a31ea3e665ea0b8,1,8,0800000087927374d48e5d5708000000ba322cf40f237ecb
e6ef53e66ed6438e,8a31ea3e665ea0b8,6,9,08000000f8396617f1c16bb708000000ba322cf40f237ecb
f8396617f1c16bb7,8a31ea3e665ea0b8,1,10,0800000087927374d48e5d5708000000ba322cf40f237ecb
ba322cf40f237ecb,8a31ea3e665ea0b8,4,11,0800000087927374d48e5d5708000000ba322cf40f237ecb
010e60391ee6e19a,8a31ea3e665ea0b8,7,12,0800000087927374d48e5d5708000000ba322cf40f237ecb
9001fd72b2671617,8ff00893e26b8e69,1,0,080000009001fd72b267161708000000ddf0c90252b64930
9bb3fae20d1aea3e,8ff00893e26b8e69,1,1,080000009001fd72b267161708000000ddf0c90252b64930
0dc12a55fab02906,8ff00893e26b8e69,1,2,080000009001fd72b267161708000000ddf0c90252b64930
f0faf252ae7f9077,8ff00893e26b8e69,1,3,080000009001fd72b267161708000000ddf0c90252b64930
31a07894c63f08ee,8ff00893e26b8e69,1,4,080000009001fd72b267161708000000ddf0c90252b64930
37334d3b0d7e9eeb,8ff00893e26b8e69,1,5,080000009001fd72b267161708000000ddf0c90252b64930
82a66c95a22cacc1,8ff00893e26b8e69,1,6,080000009001fd72b267161708000000ddf0c90252b64930
bf0da4c0e6635c98,8ff00893e26b8e69,1,7,080000009001fd72b267161708000000ddf0c90252b64930
682deedba9082acb,8ff00893e26b8e69,6,8,080000008b4f968755a6281308000000ddf0c90252b64930
8b4f968755a62813,8ff00893e26b8e69,1,9,080000009001fd72b267161708000000ddf0c90252b64930
ddf0c90252b64930,8ff00893e26b8e69,4,10,080000009001fd72b267161708000000ddf0c90252b64930
52a476974d9ef66f,8ff00893e26b8e69,8,11,080000009001fd72b267161708000000ddf0c90252b64930
5eca05a765796dfe,8ff00893e26b8e69,8,12,080000009001fd72b267161708000000ddf0c90252b64930
f47eaea8af0f943f,a0a8763ddfd0672b,7,0,08000000f47eaea8af0f943f08000000dff981ee37b0cc8a
c4f22f0e3b52f371,a0a8763ddfd0672b,1,1,08000000c4f22f0e3b52f37108000000dff981ee37b0cc8a
dff981ee37b0cc8a,a0a8763ddfd0672b,4,2,08000000c4f22f0e3b52f37108000000dff981ee37b0cc8a
914c2c3498416a61,a0a8763ddfd0672b,1,3,08000000f47eaea8af0f943f08000000dff981ee37b0cc8a
02494f4b0e3e094d,a0a8763ddfd0672b,1,4,08000000f47eaea8af0f943f08000000dff981ee37b0cc8a
381cb7c61f108999,a0a8763ddfd0672b,6,5,08000000c4f22f0e3b52f37108000000dff981ee37b0cc8a
0d313c90202348ed,a0a8763ddfd0672b,7,6,08000000c4f22f0e3b52f37108000000dff981ee37b0cc8a
ab0988aac380fc64,a0a8763ddfd0672b,8,7,08000000f47eaea8af0f943f08000000dff981ee37b0cc8a
69623ecfd87bb9b3,a3f41a59b5e08667,2,0,0800000082993bd5a5cc7baf080000006f63b1a3ca2fabe7
82993bd5a5cc7baf,a3f41a59b5e08667,1,1,0800000082993bd5a5cc7baf080000006f63b1a3ca2fabe7
9d458f9f85cc1dc4,a3f41a59b5e08667,1,2,0800000082993bd5a5cc7baf080000006f63b1a3ca2fabe7
6f63b1a3ca2fabe7,a3f41a59b5e08667,4,3,
48db895811f594df,a3f41a59b5e08667,4,4,
c22245b38f721e52,a3f41a59b5e08667,3,5,0800000082993bd5a5cc7baf080000006f63b1a3ca2fabe7
1a5e1d65271a9eb6,a3f41a59b5e08667,1,6,0800000082993bd5a5cc7baf080000006f63b1a3ca2fabe7
ba42e83bdff6cbee,a3f41a59b5e08667,1,7,0800000082993bd5a5cc7baf080000006f63b1a3ca2fabe7
2130727560f17b16,a3f41a59b5e08667,1,8,0800000082993bd5a5cc7baf080000006f63b1a3ca2fabe7
8a451d7482fd051e,a3f41a59b5e08667,8,9,0800000082993bd5a5cc7baf080000006f63b1a3ca2fabe7
bd3585b7ee2b8eca,a3f41a59b5e08667,8,10,0800000082993bd5a5cc7baf080000006f63b1a3ca2fabe7
d37f756d35d3799f,a3f41a59b5e08667,8,11,0800000082993bd5a5cc7baf080000006f63b1a3ca2fabe7
c6dd70309420b141,a3f41a59b5e08667,6,12,0800000061a2ebe19ab1fae808000000d236af3eee17d518
61a2ebe19ab1fae8,a3f41a59b5e08667,1,13,0800000082993bd5a5cc7baf080000006f63b1a3ca2fabe7
d236af3eee17d518,a3f41a59b5e08667,4,14,0800000082993bd5a5cc7baf080000006f63b1a3ca2fabe7
f03a3801b6f64c16,a3f41a59b5e08667,7,15,0800000082993bd5a5cc7baf080000006f63b1a3ca2fabe7
6b90a9cee383d72e,a3f41a59b5e08667,8,16,0800000082993bd5a5cc7baf080000006f63b1a3ca2fabe7
dbd7d42753e05016,a3f41a59b5e08667,1,17,0800000082993bd5a5cc7baf080000006f63b1a3ca2fabe7
ddb67ceb5d0de91c,a4cb1804f10324f1,6,0,0800000086ced6b65f9f3bfe08000000f325778b0a7972b1
86ced6b65f9f3bfe,a4cb1804f10324f1,1,1,0800000086ced6b65f9f3bfe08000000f325778b0a7972b1
f325778b0a7972b1,a4cb1804f10324f1,4,2,0800000086ced6b65f9f3bfe08000000f325778b0a7972b1
4e30b4954e923161,a4cb1804f10324f1,1,3,0800000086ced6b65f9f3bfe08000000f325778b0a7972b1
9847c13e2145d843,a4cb1804f10324f1,1,4,0800000086ced6b65f9f3bfe08000000f325778b0a7972b1
b5dce1ebf9ea0d65,a4cb1804f10324f1,1,5,0800000086ced6b65f9f3bfe08000000f325778b0a7972b1
59d826e7882be328,a4cb1804f10324f1,8,6,0800000086ced6b65f9f3bfe08000000f325778b0a7972b1
a5badaeec95f3144,a4cb1804f10324f1,7,7,0800000086ced6b65f9f3bfe08000000f325778b0a7972b1
15763e7b94d218e6,a4f063b81506eb3d,1,0,0800000015763e7b94d218e608000000939940ca2e51ae7a
652edce6f04de90a,a4f063b81506eb3d,1,1,0800000015763e7b94d218e608000000939940ca2e51ae7a
939940ca2e51ae7a,a4f063b81506eb3d,4,2,0800000015763e7b94d218e608000000939940ca2e51ae7a
ed34ed041a83072a,a4f063b81506eb3d,6,3,08000000652edce6f04de90a08000000939940ca2e51ae7a
bcc499a64b250fac,a4f063b81506eb3d,1,4,0800000015763e7b94d218e608000000939940ca2e51ae7a
d509c7b938b595b1,a4f063b81506eb3d,1,5,0800000015763e7b94d218e608000000939940ca2e51ae7a
efd8acf579cc918a,a4f063b81506eb3d,1,6,0800000015763e7b94d218e608000000939940ca2e51ae7a
d521ff1848a84c12,a4f063b81506eb3d,1,7,0800000015763e7b94d218e608000000939940ca2e51ae7a
e6ab245135865257,a4f063b81506eb3d,1,8,
7d57bb40203d38a6,a4f063b81506eb3d,8,9,0800000015763e7b94d218e608000000939940ca2e51ae7a
ebf2a1324eb9f754,a4f063b81506eb3d,8,10,0800000015763e7b94d218e608000000939940ca2e51ae7a
e2d59c3ddc79ae7a,a4f063b81506eb3d,7,11,0800000015763e7b94d218e608000000939940ca2e51ae7a
d766eb857c4e5e6a,a4f063b81506eb3d,6,12,0800000015763e7b94d218e608000000939940ca2e51ae7a
44d8dfe43864a435,a563113201833add,1,0,0800000044d8dfe43864a4350800000073905de7581a6aeb
6cc92e5f548098b7,a563113201833add,1,1,0800000044d8dfe43864a4350800000073905de7581a6aeb
73905de7581a6aeb,a563113201833add,4,2,0800000044d8dfe43864a4350800000073905de7581a6aeb
e21069ec1350ec70,a563113201833add,1,3,0800000044d8dfe43864a4350800000073905de7581a6aeb
4f532743de160648,a563113201833add,1,4,0800000044d8dfe43864a4350800000073905de7581a6aeb
d4803ea08b424a3b,a563113201833add,1,5,0800000044d8dfe43864a4350800000073905de7581a6aeb
c25502b70ef37807,a563113201833add,1,6,0800000044d8dfe43864a4350800000073905de7581a6aeb
c375f36f703c1eb0,a563113201833add,1,7,0800000044d8dfe43864a4350800000073905de7581a6aeb
171d46cbef8452a4,a563113201833add,1,8,0800000044d8dfe43864a4350800000073905de7581a6aeb
3d062ae8873ed99a,a563113201833add,3,9,0800000044d8dfe43864a4350800000073905de7581a6aeb
5d87a91193ab4aff,a563113201833add,8,10,0800000044d8dfe43864a4350800000073905de7581a6aeb
7db02d90acdf2e10,a563113201833add,6,11,0800000018f4f414b39b7007080000008563b06732b73ca1
4b5f51cb039982f8,a563113201833add,8,12,0800000044d8dfe43864a4350800000073905de7581a6aeb
1723e151f52c33b7,a563113201833add,7,13,0800000044d8dfe43864a4350800000073905de7581a6aeb
e89bb695fae47294,a563113201833add,6,14,0800000018f4f414b39b7007080000008563b06732b73ca1
18f4f414b39b7007,a563113201833add,1,15,0800000044d8dfe43864a4350800000073905de7581a6aeb
8563b06732b73ca1,a563113201833add,4,16,0800000044d8dfe43864a4350800000073905de7581a6aeb
41e99a726bb2cc83,a758d371a26cae99,1,0,0800000041e99a726bb2cc8308000000ecdf7836b930f364
b75d54842e22ece9,a758d371a26cae99,1,1,0800000041e99a726bb2cc8308000000ecdf7836b930f364
a770043b14436283,a758d371a26cae99,1,2,0800000041e99a726bb2cc8308000000ecdf7836b930f364
6ede894a4b244a44,a758d371a26cae99,1,3,0800000041e99a726bb2cc8308000000ecdf7836b930f364
2ac6b30802ed2688,a758d371a26cae99,1,4,0800000041e99a726bb2cc8308000000ecdf7836b930f364
a5383de23149aa5d,a758d371a26cae99,8,5,0800000041e99a726bb2cc8308000000ecdf7836b930f364
2ca191fee3b50d85,a758d371a26cae99,7,6,0800000041e99a726bb2cc8308000000ecdf7836b930f364
1fa6b71aad90eedb,a758d371a26cae99,6,7,08000000d9aeb0ffb4535bc808000000ecdf7836b930f364
d9aeb0ffb4535bc8,a758d371a26cae99,1,8,0800000041e99a726bb2cc8308000000ecdf7836b930f364
ecdf7836b930f364,a758d371a26cae99,4,9,0800000041e99a726bb2cc8308000000ecdf7836b930f364
d1682c6cd0f738ec,a758d371a26cae99,1,10,0800000041e99a726bb2cc8308000000ecdf7836b930f364
af1fa7ed88f93533,a758d371a26cae99,8,11,0800000041e99a726bb2cc8308000000ecdf7836b930f364
6695b490273416a5,a758d371a26cae99,8,12,0800000041e99a726bb2cc8308000000ecdf7836b930f364
c9e17d118b46f8c7,a758d371a26cae99,8,13,0800000041e99a726bb2cc8308000000ecdf7836b930f364
6e197e1a5250f7f2,a9283c686b7aa2ed,2,0,08000000754cabe40abadf25080000000aaa610a831067c7
754cabe40abadf25,a9283c686b7aa2ed,1,1,08000000754cabe40abadf25080000000aaa610a831067c7
962949f747e3660c,a9283c686b7aa2ed,1,2,08000000754cabe40abadf25080000000aaa610a831067c7
0aaa610a831067c7,a9283c686b7aa2ed,4,3,
7f2c59230e4c2dd4,a9283c686b7aa2ed,4,4,
92a7ba88e1911815,a9283c686b7aa2ed,3,5,08000000754cabe40abadf25080000000aaa610a831067c7
399bf45bd0f6205d,a9283c686b7aa2ed,1,6,08000000754cabe40abadf25080000000aaa610a831067c7
b2dbcac1f6562865,a9283c686b7aa2ed,1,7,08000000754cabe40abadf25080000000aaa610a831067c7
aaa5523f628b2e50,a9283c686b7aa2ed,1,8,08000000754cabe40abadf25080000000aaa610a831067c7
817ab8458676ff07,a9283c686b7aa2ed,8,9,08000000754cabe40abadf25080000000aaa610a831067c7
cb56cbf42e77bcc6,a9283c686b7aa2ed,8,10,08000000754cabe40abadf25080000000aaa610a831067c7
987369737b712c4a,a9283c686b7aa2ed,8,11,08000000754cabe40abadf25080000000aaa610a831067c7
4e25b3711276e7cd,a9283c686b7aa2ed,6,12,08000000eee9b6389ac7786f080000004936340283e6f26b
eee9b6389ac7786f,a9283c686b7aa2ed,1,13,08000000754cabe40abadf25080000000aaa610a831067c7
4936340283e6f26b,a9283c686b7aa2ed,4,14,08000000754cabe40abadf25080000000aaa610a831067c7
4873a3a612f1f7e7,a9283c686b7aa2ed,7,15,08000000754cabe40abadf25080000000aaa610a831067c7
536070a24a326c22,a9283c686b7aa2ed,8,16,08000000754cabe40abadf25080000000aaa610a831067c7
947e1b38d2a1385d,a9283c686b7aa2ed,1,17,08000000754cabe40abadf25080000000aaa610a831067c7
5f8e875a28ad3253,b15a261a5c734284,1,0,080000005f8e875a28ad325308000000477a178544d967aa
416e0fb5d7913d46,b15a261a5c734284,1,1,080000005f8e875a28ad325308000000477a178544d967aa
8214e5c00df6acc5,b15a261a5c734284,1,2,080000005f8e875a28ad325308000000477a178544d967aa
05a239c08bff71ac,b15a261a5c734284,1,3,080000005f8e875a28ad325308000000477a178544d967aa
1a1536fe9babeb92,b15a261a5c734284,3,4,080000005f8e875a28ad325308000000477a178544d967aa
a7499373c8efff04,b15a261a5c734284,8,5,080000005f8e875a28ad325308000000477a178544d967aa
37c1429f6729564b,b15a261a5c734284,1,6,080000005f8e875a28ad325308000000477a178544d967aa
d211552f250d470b,b15a261a5c734284,6,7,08000000ddab4e3cbf32751b08000000477a178544d967aa
ddab4e3cbf32751b,b15a261a5c734284,1,8,080000005f8e875a28ad325308000000477a178544d967aa
477a178544d967aa,b15a261a5c734284,4,9,080000005f8e875a28ad325308000000477a178544d967aa
632470d4deaf9aaf,b682f6a59fb70115,2,0,0800000066713633d00aae9b08000000f8c7fcf5c9559b2b
66713633d00aae9b,b682f6a59fb70115,1,1,0800000066713633d00aae9b08000000f8c7fcf5c9559b2b
076d784c58db71c5,b682f6a59fb70115,1,2,0800000066713633d00aae9b08000000f8c7fcf5c9559b2b
f8c7fcf5c9559b2b,b682f6a59fb70115,4,3,0800000066713633d00aae9b08000000f8c7fcf5c9559b2b
ce8209e807180cf7,b682f6a59fb70115,4,4,
79b0bb2b79ab70c1,b682f6a59fb70115,3,5,0800000066713633d00aae9b08000000f8c7fcf5c9559b2b
c37c018e3028650f,b682f6a59fb70115,1,6,0800000066713633d00aae9b08000000f8c7fcf5c9559b2b
4eac5a73887e3b1b,b682f6a59fb70115,1,7,0800000066713633d00aae9b08000000f8c7fcf5c9559b2b
c518da7d02ea0259,b682f6a59fb70115,1,8,0800000066713633d00aae9b08000000f8c7fcf5c9559b2b
442115ccef66258e,b682f6a59fb70115,8,9,0800000066713633d00aae9b08000000f8c7fcf5c9559b2b
53d68aef36fdeeb7,b682f6a59fb70115,8,10,0800000066713633d00aae9b08000000f8c7fcf5c9559b2b
f2f1b67db7f16c55,b682f6a59fb70115,8,11,0800000066713633d00aae9b08000000f8c7fcf5c9559b2b
eb354ac837c31b5d,b682f6a59fb70115,6,12,08000000a5b0283b5009d8eb080000007c150fea06852575
a5b0283b5009d8eb,b682f6a59fb70115,1,13,0800000066713633d00aae9b08000000f8c7fcf5c9559b2b
7c150fea06852575,b682f6a59fb70115,4,14,0800000066713633d00aae9b08000000f8c7fcf5c9559b2b
bc9d4e808e9757a2,b682f6a59fb70115,7,15,0800000066713633d00aae9b08000000f8c7fcf5c9559b2b
35a28d60fdfe5efb,b682f6a59fb70115,8,16,0800000066713633d00aae9b08000000f8c7fcf5c9559b2b
bf12ea801c9d6c88,b682f6a59fb70115,1,17,0800000066713633d00aae9b08000000f8c7fcf5c9559b2b
3785693171575ccf,b8959d58135acc33,8,0,08000000b0dd47fb2a6a845e080000003785693171575ccf
9552ee6b2c1dde46,b8959d58135acc33,8,1,08000000b0dd47fb2a6a845e080000003785693171575ccf
834d3af6bc11a579,b8959d58135acc33,8,2,08000000b0dd47fb2a6a845e080000003785693171575ccf
7c3e8adfe153a107,b8959d58135acc33,8,3,08000000b0dd47fb2a6a845e080000003785693171575ccf
0792baca4f688b60,b8959d58135acc33,8,4,08000000b0dd47fb2a6a845e080000003785693171575ccf
d83c6c872f8cda7b,b8959d58135acc33,8,5,08000000b0dd47fb2a6a845e080000003785693171575ccf
73dbcaed8d71261f,b8959d58135acc33,8,6,08000000b0dd47fb2a6a845e080000003785693171575ccf
27d6900c62ef3ac3,b8959d58135acc33,8,7,08000000b0dd47fb2a6a845e080000003785693171575ccf
e16e708420bc9e54,b8959d58135acc33,8,8,08000000b0dd47fb2a6a845e080000003785693171575ccf
5b36b42862966c1c,b8959d58135acc33,8,9,08000000b0dd47fb2a6a845e080000003785693171575ccf
b0dd47fb2a6a845e,b8959d58135acc33,1,10,08000000b0dd47fb2a6a845e080000003785693171575ccf
d0562b37ee8cf3d3,c58640a33824fe9b,1,0,08000000d0562b37ee8cf3d308000000d0562b37ee8cf3d3
dcf27ab95ac91487,c58640a33824fe9b,1,1,08000000d0562b37ee8cf3d308000000d0562b37ee8cf3d3
7f82e4d607e0700b,c58640a33824fe9b,1,2,08000000d0562b37ee8cf3d308000000d0562b37ee8cf3d3
fa9cef47dc809b18,c58640a33824fe9b,1,3,08000000d0562b37ee8cf3d308000000d0562b37ee8cf3d3
0aee9d26e082f970,c58640a33824fe9b,1,4,08000000d0562b37ee8cf3d308000000d0562b37ee8cf3d3
5abe39cadbe24fc3,c58640a33824fe9b,1,5,08000000d0562b37ee8cf3d308000000d0562b37ee8cf3d3
298f10b9a9fa33d3,c58640a33824fe9b,1,6,08000000d0562b37ee8cf3d308000000d0562b37ee8cf3d3
9cd97d0c2164ed51,c58640a33824fe9b,1,7,08000000d0562b37ee8cf3d308000000d0562b37ee8cf3d3
0d1179fa845df9fc,c58640a33824fe9b,1,8,08000000d0562b37ee8cf3d308000000d0562b37ee8cf3d3
50bd3aa460821694,c58640a33824fe9b,1,9,08000000d0562b37ee8cf3d308000000d0562b37ee8cf3d3
45097c69a2ac96e1,cf37e30102856362,1,0,0800000045097c69a2ac96e108000000114223a7c7bc44a3
067298df1bd42460,cf37e30102856362,3,1,0800000045097c69a2ac96e108000000114223a7c7bc44a3
114223a7c7bc44a3,cf37e30102856362,4,2,0800000045097c69a2ac96e108000000114223a7c7bc44a3
a715d7dcad1ebe43,cf37e30102856362,8,3,0800000045097c69a2ac96e108000000114223a7c7bc44a3
6c5a225765c0a066,cf37e30102856362,1,4,0800000045097c69a2ac96e108000000114223a7c7bc44a3
ed643e6498b7e8c4,cf37e30102856362,1,5,0800000045097c69a2ac96e108000000114223a7c7bc44a3
9c3249d202080bbe,cf37e30102856362,6,6,08000000e181ce0681bac13f080000003d319bd113ee167b
e181ce0681bac13f,cf37e30102856362,1,7,0800000045097c69a2ac96e108000000114223a7c7bc44a3
3d319bd113ee167b,cf37e30102856362,4,8,0800000045097c69a2ac96e108000000114223a7c7bc44a3
28446a57e960bc93,d05fd8c464d23705,1,0,0800000028446a57e960bc93080000008196681640542d6f
3f1c68f861789e90,d05fd8c464d23705,1,1,0800000028446a57e960bc93080000008196681640542d6f
c952cbc8d3ebaa9b,d05fd8c464d23705,1,2,0800000028446a57e960bc93080000008196681640542d6f
2beb90e0f852ac57,d05fd8c464d23705,8,3,0800000028446a57e960bc93080000008196681640542d6f
d27690ff4e2afa87,d05fd8c464d23705,1,4,0800000028446a57e960bc93080000008196681640542d6f
2eb31f37f5a4a05b,d05fd8c464d23705,1,5,0800000028446a57e960bc93080000008196681640542d6f
1663774f92f10b47,d05fd8c464d23705,1,6,0800000028446a57e960bc93080000008196681640542d6f
cc561ac33844667f,d05fd8c464d23705,1,7,0800000028446a57e960bc93080000008196681640542d6f
95c5a8ddcbcb9e9f,d05fd8c464d23705,1,8,0800000028446a57e960bc93080000008196681640542d6f
649a8d4d04eb9439,d05fd8c464d23705,1,9,0800000028446a57e960bc93080000008196681640542d6f
c230b2f0dc777dcd,d05fd8c464d23705,1,10,0800000028446a57e960bc93080000008196681640542d6f
03c638fbbb021606,d05fd8c464d23705,1,11,0800000028446a57e960bc93080000008196681640542d6f
5b5be1835f2ea881,d05fd8c464d23705,6,12,08000000819774fe676a4eab080000008196681640542d6f
819774fe676a4eab,d05fd8c464d23705,1,13,0800000028446a57e960bc93080000008196681640542d6f
8196681640542d6f,d05fd8c464d23705,4,14,0800000028446a57e960bc93080000008196681640542d6f
ee4be2ee0b66e447,d715d9f029b3b262,1,0,08000000ee4be2ee0b66e44708000000d4666f4dfa9c795c
e5cd72a124554e37,d715d9f029b3b262,1,1,08000000ee4be2ee0b66e44708000000d4666f4dfa9c795c
67eefb5e783a925e,d715d9f029b3b262,1,2,08000000ee4be2ee0b66e44708000000d4666f4dfa9c795c
89509d38b1212188,d715d9f029b3b262,1,3,08000000ee4be2ee0b66e44708000000d4666f4dfa9c795c
e48b13ddeed7fd08,d715d9f029b3b262,1,4,08000000ee4be2ee0b66e44708000000d4666f4dfa9c795c
bdf115a1d572ed4b,d715d9f029b3b262,1,5,08000000ee4be2ee0b66e44708000000d4666f4dfa9c795c
f911a45671cf8302,d715d9f029b3b262,1,6,08000000ee4be2ee0b66e44708000000d4666f4dfa9c795c
5f42e0d8f8019e54,d715d9f029b3b262,8,7,08000000ee4be2ee0b66e44708000000d4666f4dfa9c795c
0ccac32118740cd7,d715d9f029b3b262,7,8,08000000ee4be2ee0b66e44708000000d4666f4dfa9c795c
a31cd66040038788,d715d9f029b3b262,6,9,080000001532713982af8dbf08000000d4666f4dfa9c795c
1532713982af8dbf,d715d9f029b3b262,1,10,08000000ee4be2ee0b66e44708000000d4666f4dfa9c795c
d4666f4dfa9c795c,d715d9f029b3b262,4,11,08000000ee4be2ee0b66e44708000000d4666f4dfa9c795c
fbd605c0db80eeda,d715d9f029b3b262,1,12,08000000ee4be2ee0b66e44708000000d4666f4dfa9c795c
e988fb69ff0247c6,d854d2854b371902,1,0,08000000e988fb69ff0247c608000000ec4108313169e2e0
cb8809c6eb2e4a4b,d854d2854b371902,1,1,08000000e988fb69ff0247c608000000ec4108313169e2e0
8928b93b8a0f690c,d854d2854b371902,1,2,08000000e988fb69ff0247c608000000ec4108313169e2e0
32e248ebe1c27939,d854d2854b371902,1,3,08000000e988fb69ff0247c608000000ec4108313169e2e0
6b71074633a05ab9,d854d2854b371902,1,4,08000000e988fb69ff0247c608000000ec4108313169e2e0
c09b7b5d7cfb156d,d854d2854b371902,1,5,08000000e988fb69ff0247c608000000ec4108313169e2e0
d43bb0286370dd2d,d854d2854b371902,1,6,08000000e988fb69ff0247c608000000ec4108313169e2e0
0fe1283a7cf4a3b8,d854d2854b371902,1,7,08000000e988fb69ff0247c608000000ec4108313169e2e0
659f58eaf8601723,d854d2854b371902,8,8,08000000e988fb69ff0247c608000000ec4108313169e2e0
2d2f71b26a57b031,d854d2854b371902,6,9,080000008b0336067eab455908000000ec4108313169e2e0
8b0336067eab4559,d854d2854b371902,1,10,08000000e988fb69ff0247c608000000ec4108313169e2e0
ec4108313169e2e0,d854d2854b371902,4,11,08000000e988fb69ff0247c608000000ec4108313169e2e0
128c5a3d3fc6a79f,d854d2854b371902,1,12,08000000e988fb69ff0247c608000000ec4108313169e2e0
8ee96cacd7b48303,d854d2854b371902,1,13,08000000e988fb69ff0247c608000000ec4108313169e2e0
f0ca4af1193801f1,d854d2854b371902,1,14,08000000e988fb69ff0247c608000000ec4108313169e2e0
e143890e4b46ec0d,d854d2854b371902,1,15,08000000e988fb69ff0247c608000000ec4108313169e2e0
16f302f83150513f,d854d2854b371902,1,16,
2006ba4521945859,d854d2854b371902,1,17,
92d289b1f35855b5,d854d2854b371902,1,18,08000000e988fb69ff0247c608000000ec4108313169e2e0
b34476bb687bb927,d854d2854b371902,1,19,
2b29138b96ee52fc,d854d2854b371902,1,20,
e784b91f54cf774a,d854d2854b371902,1,21,08000000e988fb69ff0247c608000000ec4108313169e2e0
97397041a69fd5ad,d8a731268a832f49,8,0,080000008a837c7c44d0c7e808000000dad1f9143c336f71
8a837c7c44d0c7e8,d8a731268a832f49,1,1,080000008a837c7c44d0c7e808000000dad1f9143c336f71
dad1f9143c336f71,d8a731268a832f49,4,2,080000008a837c7c44d0c7e808000000dad1f9143c336f71
8532b847e544e85d,d8a731268a832f49,1,3,080000008a837c7c44d0c7e808000000dad1f9143c336f71
c588b56092233a21,d8a731268a832f49,1,4,080000008a837c7c44d0c7e808000000dad1f9143c336f71
d23d28eb018a919d,d8a731268a832f49,1,5,080000008a837c7c44d0c7e808000000dad1f9143c336f71
8447a5ba73a4344a,d8a731268a832f49,1,6,080000008a837c7c44d0c7e808000000dad1f9143c336f71
ff383667938918b7,d8a731268a832f49,1,7,080000008a837c7c44d0c7e808000000dad1f9143c336f71
7abb6bcaeb1c36ca,d8a731268a832f49,1,8,080000008a837c7c44d0c7e808000000dad1f9143c336f71
f4c5831a7331cf24,d8a731268a832f49,1,9,080000008a837c7c44d0c7e808000000dad1f9143c336f71
65579485e63526a0,d8a731268a832f49,1,10,080000008a837c7c44d0c7e808000000dad1f9143c336f71
9ce1e17743efb176,d8a731268a832f49,1,11,080000008a837c7c44d0c7e808000000dad1f9143c336f71
aec278b65e7c7821,d8a731268a832f49,1,12,080000008a837c7c44d0c7e808000000dad1f9143c336f71
b878d2c2b2f823e2,dbafdb0b12e08eff,2,0,08000000a9b417d24ce45f92080000002d3f9928c63e6343
a9b417d24ce45f92,dbafdb0b12e08eff,1,1,08000000a9b417d24ce45f92080000002d3f9928c63e6343
c09b24658464b086,dbafdb0b12e08eff,1,2,08000000a9b417d24ce45f92080000002d3f9928c63e6343
744760dada9b6d08,dbafdb0b12e08eff,1,3,08000000a9b417d24ce45f92080000002d3f9928c63e6343
467ba97b7fb39ddd,dbafdb0b12e08eff,1,4,08000000a9b417d24ce45f92080000002d3f9928c63e6343
28151f892d295719,dbafdb0b12e08eff,1,5,08000000a9b417d24ce45f92080000002d3f9928c63e6343
0d65bb7daeb399e4,dbafdb0b12e08eff,1,6,08000000a9b417d24ce45f92080000002d3f9928c63e6343
4afe1fc05857b0d9,dbafdb0b12e08eff,1,7,08000000a9b417d24ce45f92080000002d3f9928c63e6343
fe026ea0012b9d15,dbafdb0b12e08eff,6,8,0800000059647a7a843638a7080000002d3f9928c63e6343
59647a7a843638a7,dbafdb0b12e08eff,1,9,08000000a9b417d24ce45f92080000002d3f9928c63e6343
2d3f9928c63e6343,dbafdb0b12e08eff,4,10,08000000a9b417d24ce45f92080000002d3f9928c63e6343
dbe3e0e248ceabdf,dbafdb0b12e08eff,8,11,08000000a9b417d24ce45f92080000002d3f9928c63e6343
2466c5d51b336ad6,dc7b4b3f3bb177f1,1,0,080000002466c5d51b336ad6080000002466c5d51b336ad6
05e6c719f8e0a317,dc7b4b3f3bb177f1,1,1,080000002466c5d51b336ad6080000002466c5d51b336ad6
ec9532468c0fe1a5,dc7b4b3f3bb177f1,1,2,080000002466c5d51b336ad6080000002466c5d51b336ad6
233e7aa0f8b8f01f,dc7b4b3f3bb177f1,1,3,080000002466c5d51b336ad6080000002466c5d51b336ad6
0d9d0e8b753790dc,dc7b4b3f3bb177f1,1,4,080000002466c5d51b336ad6080000002466c5d51b336ad6
5ec8243c15712b34,dc7b4b3f3bb177f1,1,5,080000002466c5d51b336ad6080000002466c5d51b336ad6
0cc0e9d03c94c14a,dc7b4b3f3bb177f1,1,6,080000002466c5d51b336ad6080000002466c5d51b336ad6
fe3d33eb13125649,dc7b4b3f3bb177f1,1,7,080000002466c5d51b336ad6080000002466c5d51b336ad6
4268ba8402a40c8b,dc7b4b3f3bb177f1,1,8,080000002466c5d51b336ad6080000002466c5d51b336ad6
66ec9dd5b7dbc543,dc7b4b3f3bb177f1,1,9,080000002466c5d51b336ad6080000002466c5d51b336ad6
8a41c670ff839c86,dc7b4b3f3bb177f1,1,10,080000002466c5d51b336ad6080000002466c5d51b336ad6
13b745158d265988,dc7b4b3f3bb177f1,1,11,080000002466c5d51b336ad6080000002466c5d51b336ad6
ff2d732b94bf0124,ddde1e3147f6ac34,2,0,080000003203fdfa951303c308000000ff2d732b94bf0124
3203fdfa951303c3,ddde1e3147f6ac34,1,1,080000003203fdfa951303c308000000ff2d732b94bf0124
f1bc30dfd0e1919d,ddde1e3147f6ac34,1,2,080000003203fdfa951303c308000000ff2d732b94bf0124
39a14ebdaa253cd2,ddde1e3147f6ac34,1,3,080000003203fdfa951303c308000000ff2d732b94bf0124
941bfcdd91ed38cd,ddde1e3147f6ac34,1,4,080000003203fdfa951303c308000000ff2d732b94bf0124
484cb00dc09c54bf,ddde1e3147f6ac34,1,5,080000003203fdfa951303c308000000ff2d732b94bf0124
cdee48542e79cb55,ddde1e3147f6ac34,1,6,080000003203fdfa951303c308000000ff2d732b94bf0124
ef804cadc2caefc3,ddde1e3147f6ac34,1,7,080000003203fdfa951303c308000000ff2d732b94bf0124
06b626c194c1bed9,ddde1e3147f6ac34,2,8,080000003203fdfa951303c308000000ff2d732b94bf0124
f05facdf195a0388,ddde1e3147f6ac34,1,9,080000003203fdfa951303c308000000ff2d732b94bf0124
833f509ac9971f69,ddde1e3147f6ac34,1,10,080000003203fdfa951303c308000000ff2d732b94bf0124
47c06effeac02273,ddde1e3147f6ac34,8,11,080000003203fdfa951303c308000000ff2d732b94bf0124
4a6ee10b9f7aa6b4,e071058cf309351a,1,0,080000004a6ee10b9f7aa6b40800000086d0fcb616b0ee27
86d0fcb616b0ee27,e071058cf309351a,4,1,080000004a6ee10b9f7aa6b40800000086d0fcb616b0ee27
3d4d8ff49d079cd4,e071058cf309351a,8,2,080000004a6ee10b9f7aa6b40800000086d0fcb616b0ee27
a6299ba931d7f305,e071058cf309351a,1,3,
3c3949ce0502fc30,e071058cf309351a,8,4,080000004a6ee10b9f7aa6b40800000086d0fcb616b0ee27
67f48ecd4ddab684,e071058cf309351a,8,5,080000004a6ee10b9f7aa6b40800000086d0fcb616b0ee27
a6a9b3153a6759b9,e071058cf309351a,8,6,080000004a6ee10b9f7aa6b40800000086d0fcb616b0ee27
f5c50e85822e846b,e071058cf309351a,7,7,080000004a6ee10b9f7aa6b40800000086d0fcb616b0ee27
35e653f829f45308,e071058cf309351a,6,8,080000004a6ee10b9f7aa6b40800000086d0fcb616b0ee27
fc33a933ffaf0efb,e071058cf309351a,1,9,080000004a6ee10b9f7aa6b40800000086d0fcb616b0ee27
2b995091550ff75d,e071058cf309351a,7,10,080000004a6ee10b9f7aa6b40800000086d0fcb616b0ee27
18871bf10fded9bd,e071058cf309351a,6,11,080000004a6ee10b9f7aa6b40800000086d0fcb616b0ee27
c29dce34c80c70ae,e071058cf309351a,1,12,080000004a6ee10b9f7aa6b40800000086d0fcb616b0ee27
bddbf3bbb9c1a4f8,e071058cf309351a,1,13,080000004a6ee10b9f7aa6b40800000086d0fcb616b0ee27
b9afe265923c09ee,e071058cf309351a,1,14,
e1eeffbdcf893d16,e071058cf309351a,1,15,
16f62d3e1e4bd598,e071058cf309351a,1,16,
bd859268d254ea97,e071058cf309351a,1,17,
8499c72cff132db5,e071058cf309351a,1,18,
2aab85c0687b4927,e071058cf309351a,1,19,
4ee7dd91de07030f,e071058cf309351a,1,20,080000004a6ee10b9f7aa6b40800000086d0fcb616b0ee27
5088a29edb25a886,e071058cf309351a,1,21,080000004a6ee10b9f7aa6b40800000086d0fcb616b0ee27
84ad7a671ded0f01,e071058cf309351a,1,22,080000004a6ee10b9f7aa6b40800000086d0fcb616b0ee27
19b226720d5f8d24,e4710827bc926f13,8,0,0800000019b226720d5f8d240800000019b226720d5f8d24
b66e7bb2746ee97b,e4710827bc926f13,8,1,0800000019b226720d5f8d240800000019b226720d5f8d24
eb7cfc2790a921cb,e4710827bc926f13,8,2,0800000019b226720d5f8d240800000019b226720d5f8d24
3a117d07b57e70f9,e4710827bc926f13,8,3,0800000068e05384cfc978bb0800000068e05384cfc978bb
68e05384cfc978bb,e4710827bc926f13,8,4,0800000068e05384cfc978bb0800000068e05384cfc978bb
cf68e8920a5d2418,e4710827bc926f13,8,5,0800000019b226720d5f8d240800000019b226720d5f8d24
3bd82041d437e3da,e4710827bc926f13,8,6,0800000019b226720d5f8d240800000019b226720d5f8d24
2c0d44f324c4b154,e4710827bc926f13,8,7,0800000019b226720d5f8d240800000019b226720d5f8d24
2bb1548b2158222f,e4710827bc926f13,8,8,0800000019b226720d5f8d240800000019b226720d5f8d24
a21565f7c39e6b13,e4710827bc926f13,8,9,0800000019b226720d5f8d240800000019b226720d5f8d24
521bb08d9088c085,e4710827bc926f13,8,10,0800000019b226720d5f8d240800000019b226720d5f8d24
c2b91be772bab7e4,e4710827bc926f13,8,11,0800000019b226720d5f8d240800000019b226720d5f8d24
abf9c7c28f959787,e4710827bc926f13,8,12,0800000019b226720d5f8d240800000019b226720d5f8d24
5568d5c1d42e9ddf,e4710827bc926f13,8,13,0800000019b226720d5f8d240800000019b226720d5f8d24
d76bb13883e46476,e4710827bc926f13,8,14,0800000019b226720d5f8d240800000019b226720d5f8d24
106a36c5ea89ac3c,e4710827bc926f13,8,15,0800000019b226720d5f8d240800000019b226720d5f8d24
4e8492621976a758,e4710827bc926f13,8,16,0800000019b226720d5f8d240800000019b226720d5f8d24
0d6185167cfe1a46,e4710827bc926f13,8,17,0800000019b226720d5f8d240800000019b226720d5f8d24
247adcd01c4eb756,e4710827bc926f13,8,18,0800000019b226720d5f8d240800000019b226720d5f8d24
1cee129c91da01a2,e4710827bc926f13,8,19,0800000019b226720d5f8d240800000019b226720d5f8d24
7315128911b8d8c1,e4710827bc926f13,8,20,0800000019b226720d5f8d240800000019b226720d5f8d24
66e7b5c0971fa14f,e7506187e418abb2,8,0,080000001ba670f39ecba71708000000b5891fed24d3620a
9b55ffdc94e586b0,e7506187e418abb2,8,1,080000001ba670f39ecba71708000000b5891fed24d3620a
1ba670f39ecba717,e7506187e418abb2,1,2,080000001ba670f39ecba71708000000b5891fed24d3620a
2cbb93fab12f0bdf,e7506187e418abb2,1,3,080000001ba670f39ecba71708000000b5891fed24d3620a
e7f3577f95aabd55,e7506187e418abb2,1,4,080000001ba670f39ecba71708000000b5891fed24d3620a
86d6b87c6b637b69,e7506187e418abb2,6,5,08000000627a53b76a604f6808000000b5891fed24d3620a
627a53b76a604f68,e7506187e418abb2,1,6,080000001ba670f39ecba71708000000b5891fed24d3620a
b5891fed24d3620a,e7506187e418abb2,4,7,080000001ba670f39ecba71708000000b5891fed24d3620a
5712fc0542c572f3,e7e9fb69d8aab376,1,0,080000005712fc0542c572f3080000005d494b1251df9962
17c065828bd27d88,e7e9fb69d8aab376,1,1,080000005712fc0542c572f3080000005d494b1251df9962
0b3617c91020fd88,e7e9fb69d8aab376,1,2,080000005712fc0542c572f3080000005d494b1251df9962
ddc050b5e6fbaeb2,e7e9fb69d8aab376,1,3,080000005712fc0542c572f3080000005d494b1251df9962
e93e394fc110cea7,e7e9fb69d8aab376,1,4,080000005712fc0542c572f3080000005d494b1251df9962
31a8e17676054ae3,e7e9fb69d8aab376,1,5,080000005712fc0542c572f3080000005d494b1251df9962
d71657481f6579ac,e7e9fb69d8aab376,8,6,080000005712fc0542c572f3080000005d494b1251df9962
65e759552532b802,e7e9fb69d8aab376,6,7,0800000036b63e121461699c080000005d494b1251df9962
36b63e121461699c,e7e9fb69d8aab376,1,8,080000005712fc0542c572f3080000005d494b1251df9962
5d494b1251df9962,e7e9fb69d8aab376,4,9,080000005712fc0542c572f3080000005d494b1251df9962
244e763ce3e7c422,e7e9fb69d8aab376,7,10,080000005712fc0542c572f3080000005d494b1251df9962
80654e63cec17355,f24cc55e774938ca,1,0,0800000080654e63cec173550800000001a861e523f1d2df
7278925b655980e3,f24cc55e774938ca,3,1,0800000080654e63cec173550800000001a861e523f1d2df
c883432b0bc5d4ab,f24cc55e774938ca,1,2,0800000080654e63cec173550800000001a861e523f1d2df
8b46f334337585ae,f24cc55e774938ca,1,3,0800000080654e63cec173550800000001a861e523f1d2df
1291364978804d26,f24cc55e774938ca,1,4,0800000080654e63cec173550800000001a861e523f1d2df
7ea4224dd95c2d3e,f24cc55e774938ca,1,5,0800000080654e63cec173550800000001a861e523f1d2df
f1b199b7ddbca316,f24cc55e774938ca,1,6,0800000080654e63cec173550800000001a861e523f1d2df
3b5022089921e494,f24cc55e774938ca,1,7,0800000080654e63cec173550800000001a861e523f1d2df
d88937ff8932e7f4,f24cc55e774938ca,8,8,0800000080654e63cec173550800000001a861e523f1d2df
7eb126e90bf25fc0,f24cc55e774938ca,8,9,0800000080654e63cec173550800000001a861e523f1d2df
f8ca62ceca968566,f24cc55e774938ca,7,10,0800000080654e63cec173550800000001a861e523f1d2df
b90eae9beb07e2d3,f24cc55e774938ca,6,11,08000000d056638d1bf188890800000001a861e523f1d2df
d056638d1bf18889,f24cc55e774938ca,1,12,0800000080654e63cec173550800000001a861e523f1d2df
01a861e523f1d2df,f24cc55e774938ca,4,13,0800000080654e63cec173550800000001a861e523f1d2df
e31671ccde92e855,fedb7197d7cb837e,1,0,08000000e31671ccde92e85508000000d6d0190a3a493a46
42b8f5df867efbba,fedb7197d7cb837e,8,1,08000000e31671ccde92e85508000000d6d0190a3a493a46
3fcb8a1c2ce014ad,fedb7197d7cb837e,8,2,08000000e31671ccde92e85508000000d6d0190a3a493a46
dff33f8ec871853d,fedb7197d7cb837e,1,3,08000000e31671ccde92e85508000000d6d0190a3a493a46
d67db7231a6e0a3a,fedb7197d7cb837e,1,4,08000000e31671ccde92e85508000000d6d0190a3a493a46
299345e1fd476f25,fedb7197d7cb837e,1,5,08000000e31671ccde92e85508000000d6d0190a3a493a46
4ef0ae4bf71756cd,fedb7197d7cb837e,6,6,08000000884a63619a4a455a08000000d6d0190a3a493a46
884a63619a4a455a,fedb7197d7cb837e,1,7,08000000e31671ccde92e85508000000d6d0190a3a493a46
d6d0190a3a493a46,fedb7197d7cb837e,4,8,08000000e31671ccde92e85508000000d6d0190a3a493a46
